num,x,y,z,PID_X,PID_Y,servo1_angle,servo2_angle,servo3_angle
0,6,11,-2,99.99459589594426,13.334148010967695,0,0,0
1,6,11,0,83.0276255607605,11.072835731506348,12.856185245704703,18.376623832696552,-10.32639813293112
2,6,11,-1,84.74689149856567,11.302388191223145,10.804952111851453,15.513137498570611,-8.722085896694923
3,6,11,1,86.78247356414795,11.57339515686035,11.016345270815147,15.810427735097587,-8.888657136027577
4,6,11,1,88.50069665908813,11.802515029907227,11.265726645466973,16.16040978447475,-9.084774596004944
5,6,11,1,90.23250246047974,12.033374977111816,11.475331826663892,16.454158036118173,-9.249350418772298
6,6,11,0,91.94833946228027,12.262181282043457,11.685791612813093,16.7486199210251,-9.414321253073611
7,7,11,0,93.97070789337158,38.01428210742872,11.893483918928728,17.03874789308501,-9.576854343754546
8,6,10,0,66.63794072821256,-12.6495713973489,9.42035086930848,18.87274334982755,-9.345138315904874
9,6,9,0,64.92776303500219,13.12716464996338,11.288277114552596,11.252803781567636,-7.48661683844138
10,6,8,0,63.452122383516496,13.35977554321289,8.012111838754462,12.583260969435042,-6.839020310507539
11,6,6,1,40.49165384289167,13.62806568145752,7.771864493426307,12.343334326177029,-6.680503591704179
12,5,4,2,27.456142414846113,-15.248293614977907,4.367066164268161,8.311086085007286,-4.218747610916556
13,5,2,2,21.069087534799344,10.855322742462157,6.016479348747845,4.037370682860341,-3.3483919434879534
14,5,0,2,17.132752905803287,10.972930812835692,1.8028557432831218,4.604177361683335,-2.1344209895663027
15,4,-2,2,19.298201706854364,-14.220844797581186,1.1960477589522989,3.890722528437544,-1.6948117946442485
16,4,-5,2,-24.933658885922306,7.972930812835693,4.681422659755528,2.6061488557840486,-2.427881813474917
17,4,-7,1,-4.09122138728425,7.972930812835693,-4.735610081229258,-4.057129863588654,2.929262713024818
18,3,-9,1,-11.695514607787366,-21.543014073836954,-1.6210871803303226,-0.2197369639838459,0.6135475029524682
19,3,-10,1,15.248230844736383,4.724016094207763,0.9466676105546027,-3.597377502605507,0.8828315650644419
20,2,-12,-1,-21.703051285644392,-24.406857888681643,1.6969045336155473,3.1267628671857035,-1.6075000766317449
21,2,-13,1,-0.02841902137227592,1.2650250434875483,-0.21261927093997823,-5.620510665402186,1.9417448376452577
22,1,-14,2,-3.7228435293859334,-27.89382355141305,-0.16393335760163666,0.07970902747806356,0.02807471184551833
23,1,-14,2,20.85238924026489,-2.487409687042237,2.944068474221586,-2.5514204150009765,-0.13073206485624103
24,0,-14,1,19.707230472564696,-32.11656859061573,3.4414953893954006,3.6739227709045847,-2.3709539419056984
25,0,-13,1,47.51033549163907,-6.408651065826416,6.972953057834121,1.499947095887664,-2.8196475440649222
26,0,-12,-1,49.797535429898716,-6.870301151275635,7.846278989028497,8.26037181125578,-5.3589981578136765
27,0,-11,0,48.21414477916351,-7.409446048736572,8.231348858662528,8.640285825643858,-5.6125175263618114
28,1,-10,1,54.33416586276867,21.73785024039946,8.069620020133618,8.32164623692676,-5.453359275656725
29,1,-10,1,27.42454376220703,-5.095802307128906,5.445260295959099,11.29251460641558,-5.560931063184485
30,1,-9,1,55.82592180985796,-5.443500709533692,4.745340099398951,4.704436665991185,-3.147939945304964
31,2,-9,1,29.17246284484863,19.689818213674574,8.919502299001257,9.806149983937738,-6.226201723493609
32,2,-9,1,28.593440437316893,-2.9429683685302734,1.9251350979942758,6.667637704718752,-2.8603117156103535
33,2,-10,1,-0.9913094105352478,-3.173494148254395,4.649987873042874,5.061026131857655,-3.2348290145893843
34,3,-10,1,24.232356262207027,26.417088736665757,0.2513941895381681,-0.39600718720228023,0.04820355614416094
35,3,-10,1,23.403745079040526,-0.4237741470336913,0.3479833228219526,6.214210564448837,-2.1838673208577672
36,3,-10,1,22.7185037612915,-0.5384199142456056,3.563538773182462,4.279374229065884,-2.6131185963139236
37,3,-10,1,22.021767997741698,-0.6540985107421875,3.4756822560341236,4.146185498962966,-2.539537671828109
38,3,-10,1,21.331021499633785,-0.7697562217712401,3.38620376127178,4.010761729479804,-2.46466665379382
39,3,-9,1,45.969688978493515,-0.9036824226379396,3.297580690777534,3.876379110775932,-2.3904210991951325
40,3,-9,1,23.088969898223873,-1.0176916122436523,6.95102809205487,8.342463986874435,-5.089024476887275
41,3,-9,1,22.513001632690425,-1.1329710960388184,3.5909523997171022,4.182113899436327,-2.5898829577987144
42,2,-8,1,51.43905721220912,-30.77487278693185,3.519491612161957,4.06887132023351,-2.528397502888591
43,2,-8,1,24.506760406494138,-4.633397769927979,11.358653996333059,7.402368770442637,-6.234358570931168
44,2,-8,1,24.05176277160644,-4.860896587371826,4.254555032356459,4.201025562269182,-2.817104442421181
45,2,-8,2,23.595083999633786,-5.092696666717529,4.215390279522041,4.102498100979268,-2.7712743838800518
46,2,-8,1,23.13288116455078,-5.323217296600342,4.176505638348424,4.00334477365603,-2.7253262776040317
47,3,-8,1,22.58932456970215,19.605138319638698,4.136630812028103,3.903232717291748,-2.6787265408009433
48,3,-8,1,22.132784271240233,-2.5730240821838377,0.9418771185802688,5.464096295356591,-2.1330434600289285
49,4,-8,1,21.670586013793944,26.397383934499423,3.643205542031605,3.903117751463626,-2.5144238882431504
50,4,-8,1,21.21508026123047,0.4269759178161621,-0.03836402939327456,5.7461599509395835,-1.8997375052481675
51,4,-8,1,20.67172622680664,0.4269759178161621,3.130253010849653,3.9349943969747554,-2.354194953549355
52,4,-8,1,20.209182357788087,0.4269759178161621,3.049049452865841,3.8353391761771043,-2.293974848793982
53,4,-7,1,49.07879900842457,0.4269759178161621,2.979901320656999,3.750481109422016,-2.2426931180256764
54,4,-7,1,22.526455879211426,0.4269759178161621,7.2403128982284075,8.985297402226587,-5.39783833740114
55,4,-7,1,22.11941156387329,0.4269759178161621,3.3261194593422645,4.175380199715347,-2.4994383732980916
56,4,-7,1,21.776805496215818,0.4269759178161621,3.265341615300859,4.100785843381344,-2.4543705304580814
57,3,-7,1,21.42452630996704,-28.366528092709647,3.2141726298912126,4.037986152245742,-2.4164267360331975
58,3,-7,1,21.087007427215575,-2.8013909339904783,6.761125855047191,2.0628555675830107,-2.937238146711759
59,3,-8,1,-4.36623816653033,-2.938396453857422,3.5158734059364583,3.696025995689225,-2.4030813167600686
60,3,-8,1,17.072559642791745,-3.055073547363281,-0.28595332102347026,-1.0028121344269048,0.429575047917095
61,3,-8,1,16.623159313201903,-3.1682215690612794,2.9480769886942144,2.9415984968086994,-1.9627447665408166
62,3,-8,1,16.152534770965577,-3.285218524932861,2.8950814460991015,2.851385849843527,-1.9150427729372435
63,4,-7,1,41.28164991427287,22.274457551495544,2.8393827545976014,2.7569929051705113,-1.8650459491423361
64,4,-7,1,18.40416498184204,-0.2852185249328613,3.4315839847525953,9.018299862428858,-4.140483324715173
65,4,-7,1,18.061713409423827,-0.2852185249328613,2.7993045438687703,3.371520651629253,-2.056363536615128
66,4,-7,1,17.714149761199952,-0.2852185249328613,2.7480613155825897,3.308613665337641,-2.0183450637390656
67,4,-7,1,17.31061849594116,-0.2852185249328613,2.696043144944468,3.2447569533392286,-1.9797509788211463
68,4,-7,1,16.965264129638673,-0.2852185249328613,2.635636198943387,3.1706043030635005,-1.9349321481175605
69,4,-7,1,16.618327045440672,-0.2852185249328613,2.5839277497507207,3.1071311793005107,-1.8965664663715895
70,4,-7,1,16.27736721038818,-0.2852185249328613,2.5319729226938743,3.0433571467134946,-1.8580173594270581
71,3,-7,1,15.87644691467285,-26.064773299243402,2.4809042066686433,2.9806722699950816,-1.820125129289986
72,4,-7,1,15.527231884002685,25.014669191053763,5.6540082443420125,1.1899564759245664,-2.278836515194747
73,3,-7,1,15.178038311004638,-29.654071578279314,-0.7988783819726563,4.531248767485564,-1.2426555261092604
74,4,-7,1,14.833210086822508,25.568717430953132,5.997100791556168,0.8243551802162943,-2.2707554655270887
75,4,-7,1,14.432040023803712,-0.5325336456298828,-0.9728871741753444,4.44073602160438,-1.1545617831766237
76,4,-7,1,14.092711830139159,-0.5325336456298828,2.2354819952258915,2.6246938377118574,-1.6197793528951212
77,4,-7,1,13.742796421051025,-0.5325336456298828,2.184609581490734,2.562250835281252,-1.582026745552634
78,4,-7,1,13.396866130828858,-0.5325336456298828,2.1321419461368065,2.497851294777361,-1.543089875806432
79,4,-7,1,12.994492721557616,-0.5325336456298828,2.0802640831639816,2.4341771260549843,-1.5045902556840176
80,4,-7,1,12.644335269927979,-0.5325336456298828,2.0199121885137608,2.3601038602597066,-1.4598013675745656
81,4,-7,1,12.303638076782224,-0.5325336456298828,1.9673840857691485,2.295634727848988,-1.4208183064612052
82,4,-7,1,11.96036081314087,-0.5325336456298828,1.9162681321503645,2.232900124757129,-1.382882879366517
83,3,-7,1,11.554078674316404,-25.74916801418497,1.8647582726126972,2.1696834130145297,-1.344654757353699
84,3,-7,1,11.205701351165771,-3.7842804908752443,4.971179121501946,0.41221605907547465,-1.792678103884842
85,3,-7,1,10.860569286346436,-3.898129177093506,2.161143986863552,1.8127199069733817,-1.3244676489405436
86,4,-7,1,10.515057849884034,25.19266568226031,2.1237239438160045,1.741487123145453,-1.2882607696674886
87,4,-7,1,10.108061599731446,-0.8981291770935058,-1.5803135334767617,3.622936376116384,-0.6801524472595439
88,4,-7,1,9.76497573852539,-0.8981291770935058,1.6327771621951117,1.8039401692914963,-1.1454757457574187
89,4,-7,1,9.419066905975342,-0.8981291770935058,1.581261377186067,1.7407161014405768,-1.1072385764822352
90,4,-7,1,9.077927684783933,-0.8981291770935058,1.52931601058054,1.6769662603844135,-1.0686823868434328
91,4,-7,1,8.67374324798584,-0.8981291770935058,1.4780814768801047,1.6140901795213503,-1.0306536589276758
92,3,-7,1,8.334146404266356,-30.73733160693279,1.4173716770347418,1.539587609704271,-0.985591759385546
93,3,-6,1,36.5540110747802,-4.128016948699951,5.111585990548876,-0.512442058735047,-1.530973117285174
94,3,-6,1,10.868723773956297,-4.244336414337158,5.971732240441588,6.432061065016324,-4.130070973896163
95,3,-6,1,10.599032306671141,-4.3778331756591795,2.1685636353364135,1.719787732065162,-1.2959689780625787
96,3,-6,1,10.370855426788328,-4.492121601104737,2.1449340081553956,1.66113440588524,-1.2685485497372844
97,3,-6,1,10.139531421661378,-4.6074668884277346,2.1251090467412266,1.6114164187849895,-1.245373335786536
98,3,-6,1,9.913150691986083,-4.720851230621338,2.1049435663114955,1.561044347991285,-1.221866384249091
99,3,-6,1,9.640421390533447,-4.857197284698486,2.085270891397273,1.5117119332362865,-1.1988698522476589
100,3,-6,1,9.40727891921997,-4.9735759735107425,2.0615365354498585,1.4522924403697473,-1.1711577814170995
101,3,-6,1,9.180522823333739,-5.088631725311279,2.041223068834775,1.4015063815104383,-1.147462678588673
102,3,-6,1,8.951335430145264,-5.20196886062622,2.021699371760697,1.3519837456821593,-1.1244515677117906
103,3,-6,1,8.681241703033447,-5.335389518737793,2.0015925221575244,1.3021254035631826,-1.1011340279829467
104,3,-6,1,8.4471116065979,-5.453705978393554,1.97787629170265,1.2433746201465727,-1.073649672414344
105,3,-6,1,8.220605564117431,-5.567061996459961,1.957651310527408,1.1922654935557468,-1.04987537858229
106,3,-6,1,7.987411594390869,-5.683725357055664,1.9379434841492702,1.1428925791190743,-1.0268518972754637
107,3,-6,1,7.7215962409973145,-5.816882514953614,1.9176468530592115,1.092062216662511,-1.003146231926621
108,3,-6,1,7.4903883934021,-5.930816173553467,1.8945304587199197,1.0341068466710104,-0.9761258693875734
109,3,-6,1,7.2569804191589355,-6.0501611709594725,1.8741836567261456,0.9838212012510945,-0.9525846527893104
110,3,-6,1,7.029589748382568,-6.163615322113037,1.8541867320650984,0.9327648836613176,-0.9289029552411144
111,3,-6,1,6.757552814483642,-6.2984367370605465,1.8343485977497294,0.8832116424412615,-0.9057750324045398
112,3,-6,1,6.527251911163329,-6.413824081420898,1.8104982742981306,0.8239876782678819,-0.8780864609998179
113,3,-5,1,36.26262756807512,-6.525554466247558,1.7904624646971312,0.7737642112196146,-0.8546689499045019
114,3,-5,1,9.299239540100098,-6.640396785736083,6.225702485802638,6.221212649834564,-4.144431213537079
115,3,-5,1,9.162826538085938,-6.778007698059081,2.2350589031145613,1.2698700903344298,-1.1681670041402543
116,3,-5,2,9.047837162017823,-6.893231391906738,2.2319363720801806,1.2354922942550548,-1.1556678546356935
117,3,-5,2,8.931875324249267,-7.009133148193359,2.2292061158020777,1.2065647492061864,-1.1451160065689507
118,3,-5,2,8.818217468261718,-7.122826480865478,2.2264150240775566,1.1774117629315315,-1.134468680042414
119,3,-5,2,8.68306589126587,-7.257919406890869,2.2236908669463,1.1488310507223598,-1.1240343447327121
120,3,-5,2,8.56845588684082,-7.372674751281738,2.2204382855803906,1.1148514424649387,-1.1116242784193413
121,2,-4,2,37.79164065373773,-36.88010527977165,2.2177041462248517,1.086022647624652,-1.1011037949438907
122,2,-4,2,11.56845588684082,-10.831437492370604,10.181559518301436,4.525020049160337,-4.888721751689847
123,2,-4,2,11.56845588684082,-11.101189613342285,3.102780009774055,1.4077918691109654,-1.503143722897366
124,3,-4,2,11.56845588684082,17.660803765751016,3.136715709186089,1.3897564471589166,-1.508430667847115
125,3,-4,2,11.56845588684082,-8.331056785583495,-0.48057301908395506,3.3153525052996167,-0.9443545371451852
126,3,-4,2,11.56845588684082,-8.444303226470947,2.788110871190043,1.575059142764139,-1.4541132320949848
127,3,-4,2,11.56845588684082,-8.58064498901367,2.802366690009242,1.567479955288899,-1.456334788428973
128,3,-3,2,40.48649227012672,-8.697072887420653,2.81952937860479,1.5583554727857194,-1.4590093039778116
129,3,-3,1,14.797201824188232,-8.809381484985352,7.1102943954745195,6.844728567433969,-4.645259946065593
130,3,-3,2,14.915570926666259,-8.92782039642334,3.3313418512064192,2.13809167745235,-1.8226609516371357
131,3,-2,2,40.51665127629961,-9.062022399902343,3.3639212191462646,2.15198117938627,-1.8381366960810015
132,3,-2,2,18.41008501052856,-9.174876308441162,7.159625220471168,6.826289016852911,-4.655507127157478
133,2,-2,1,18.64117498397827,-38.32395834093944,3.9164490167267734,2.7788305624080647,-2.2309440674253924
134,3,-2,1,18.871279621124266,16.597173923569205,7.5821555733599615,0.8981825742860978,-2.8205359654121995
135,2,-1,1,44.44353832711611,-34.894150199432396,0.7548751542584106,4.584478025378499,-1.7784325770573763
136,2,-1,2,22.63031816482544,-13.027822780609132,10.880437614444482,5.8696389275088,-5.566934202550742
137,2,-1,1,22.969899559020995,-13.253652477264403,5.026496691432168,3.29840708536844,-2.773295138423693
138,3,-1,2,23.314821338653566,15.724311258806036,5.105051494796287,3.3458198145013243,-2.8152053068371936
139,3,-1,2,23.722972869873047,-10.505569553375244,1.5336511470430827,5.338788556550475,-2.2887867852795467
140,3,-1,2,24.06727752685547,-10.61945457458496,4.872892987322086,3.6666885784063603,-2.844904500413487
141,4,-1,2,24.403636837005614,19.0710370701276,4.938158663201966,3.722323509744566,-2.885136761359487
142,4,-1,2,24.7516450881958,-7.61945457458496,1.2821404682645974,5.7595450782177995,-2.344615482666896
143,4,-1,1,25.157962417602537,-7.61945457458496,4.664418089586136,4.04725859169709,-2.9022947366321157
144,4,-1,1,25.497644233703614,-7.61945457458496,4.72467005708995,4.121743658118235,-2.947135046978027
145,4,-1,2,25.846749401092527,-7.61945457458496,4.77502254122087,4.183999221558826,-2.984609129430675
146,4,0,2,55.279727208010556,-7.61945457458496,4.8267543793857985,4.247968309126725,-3.0231108054703992
147,5,0,2,29.85192632675171,17.62058779739989,9.104039607455627,9.569502838347427,-6.2090968135708176
148,5,0,2,30.307327938079833,-4.369906711578369,2.2829581308122133,6.654129824582773,-2.975182150343337
149,6,0,3,30.773964214324952,24.646482161457946,5.081492082913282,5.279256709695177,-3.450960472940123
150,6,0,3,31.225767803192138,-0.9137154579162594,1.5572338863824817,7.284489812015419,-2.941933621544919
151,7,0,3,31.762359523773192,24.6516455183266,4.787274712455596,5.675746420345284,-3.484873179488967
152,8,0,3,32.23350706100464,31.446678482830706,1.7061728234253906,7.463494534671079,-3.050883492176083
153,8,0,3,32.679408931732176,6.409462738037109,0.9483972627018866,7.99368236872403,-2.9733774494472236
154,9,0,3,33.14578886032105,35.64570266612452,4.093700282487761,6.425142741493486,-3.5028159232829212
155,10,0,2,33.68740911483765,36.2157247520678,0.5788322907972042,8.431360757285418,-2.9946254093655584
156,10,0,2,34.14679899215698,14.495639991760253,0.5928424696974157,8.565703313079538,-3.0436524083510768
157,10,1,3,63.703847099055004,15.188115119934082,3.3132462964206666,7.225389320396448,-3.5080760267560556
158,11,1,3,38.300051593780516,45.107723251303014,7.593510229142719,12.5027741916404,-6.673440162644672
159,11,1,3,38.98516216278076,19.942938995361327,0.2393152480452546,9.963039939858609,-3.386044509575861
160,11,1,3,39.55951681137085,20.75631809234619,3.3704785799804466,8.454774403634284,-3.933976590459624
161,11,1,3,40.12823095321655,21.552455806732176,3.3575423950027865,8.610986956398284,-3.9812792161256376
162,11,0,3,11.535170041189147,22.359532356262207,3.346047566866241,8.764896170284995,-4.028283325130382
163,10,0,3,38.13100118637085,-2.210915197720123,-1.0728131870051203,3.6222254731364822,-0.8490519430198827
164,10,0,3,38.58398809432983,20.853135681152345,5.966245071212083,6.844155780671713,-4.265057685332946
165,10,0,3,39.042695903778075,21.538752937316893,3.1992397787441473,8.442426877122129,-3.8727776480701914
166,10,0,3,39.50259275436402,22.228788757324217,3.1846150756646714,8.569565131570815,-3.9099091680992752
167,9,0,3,40.048860454559325,-2.030127415589014,3.169766198942852,8.697094712533119,-3.9470826788190125
168,9,0,3,40.5036841392517,20.48025312423706,6.225126799541438,7.202909529816128,-4.470146331104072
169,9,0,3,40.965285015106204,21.05705394744873,3.5328208068182168,8.762003259194959,-4.089629733199735
170,9,0,3,41.423489284515384,21.62976207733154,3.531924232879831,8.882273604709992,-4.129048594707728
171,9,0,3,41.96824865341186,22.30469455718994,3.531119000806489,9.001567498391541,-4.168164528227489
172,9,-1,3,13.574940914942271,22.89429988861084,3.5310205197616447,9.142873928843693,-4.214769316619616
173,9,-1,3,39.657334327697754,23.45927038192749,-0.8308249223402604,4.032421635978742,-1.0661607766036174
174,9,-1,3,40.00297365188598,24.036324405670165,3.043480600574826,8.805200778917778,-3.9406499604789094
175,9,-1,3,40.40647401809692,24.70790376663208,3.0254737998701167,8.9047115444432,-3.9674949113760225
176,9,-1,3,40.754596424102786,25.293948554992674,3.0048262905832885,9.020654609907945,-3.998873526460515
177,8,-1,3,41.09653043746948,-3.7609244051935633,2.986316246561717,9.121037987049188,-4.025820652265703
178,8,-1,3,41.444949817657466,23.21154499053955,6.59140921934395,7.27856345932552,-4.616955670430374
179,8,-1,3,41.84492425918579,23.744990730285643,3.3424872295645147,9.108586823960014,-4.140556369344953
180,7,-1,3,42.19212398529053,-5.225579791618767,3.3380152881717176,9.214738730531007,-4.174089059266203
181,7,-1,3,42.53924217224121,21.43775510787964,6.931207599206011,7.380401092751038,-4.763593481346004
182,7,-1,3,42.879348850250246,21.774256896972656,3.7217682277860624,9.188235458419987,-4.2933685523295235
183,7,-2,3,18.199107196722498,22.18822774887085,3.7319880358353053,9.270821864470626,-4.324027004486843
184,7,-2,3,40.382372760772704,22.533626747131347,-0.04296785015046754,4.833144763921752,-1.5950217198242786
185,7,-2,3,40.60959520339966,22.873219299316403,3.2649904188831647,8.874468810213573,-4.037424201446824
186,6,-2,3,40.84498586654663,-5.37761733049561,3.2579212689598607,8.937270794414495,-4.055799057544564
187,6,-3,3,14.934577593546777,20.36983165740967,6.753707578080554,7.127114467310408,-4.620615949087197
188,6,-3,2,38.09284229278564,20.604943084716794,-0.3104497866532469,4.1140799069254905,-1.2668023055038378
189,6,-3,2,38.20686979293823,20.833163452148437,3.155728684751446,8.338025551393978,-3.8237577442647335
190,6,-3,2,38.32315893173217,21.067806243896484,3.1450133732145744,8.373448305277917,-3.8318917629378846
191,6,-3,2,38.4580132484436,21.334793472290038,3.1338673972233044,8.409689141409352,-3.8401514634029357
192,5,-3,2,38.57333850860596,-7.574870927956248,3.1215824922066875,8.451369620271128,-3.849827739615959
193,5,-3,2,38.687518215179445,18.56426582336426,6.693293994280851,6.571632866459059,-4.416142652151031
194,5,-3,2,38.80217456817627,18.679281520843503,3.4941408536128344,8.311011799894796,-3.927699769178615
195,4,-3,2,38.938763523101805,-6.317970333106169,3.4972743341125114,8.339134171879842,-3.938042018589078
196,4,-3,2,39.05179395675659,15.679281520843505,6.591498950846076,6.720420858430021,-4.431747942147609
197,4,-3,3,39.1701075553894,15.679281520843505,3.901401465243425,8.187159578186984,-4.022541649137554
198,3,-4,3,9.399685897556203,-13.793180818737369,3.919071797881294,8.208410911733372,-4.035461372072578
199,3,-4,3,36.1701075553894,12.428970050811767,3.1505982922237417,0.8097169389604986,-1.3196836036897248
200,2,-4,2,36.1701075553894,-16.889732026318157,3.870175937138757,7.454527204017496,-3.7696347821152396
201,2,-5,2,7.055912725826911,8.968899822235107,7.494318715421246,5.5234945355295775,-4.333433652686798
202,2,-5,2,32.94283990859985,8.74491605758667,-0.06939542722810413,1.9032780776387277,-0.6111891420859481
203,2,-6,2,7.390988705799195,8.475873470306396,3.8436592303484134,6.6274795544699145,-3.4866472743516335
204,1,-6,1,29.436466884613033,-20.155922275294067,0.04313153786420913,1.9319753180501031,-0.658261402743536
205,1,-7,1,-0.16953185564308626,4.777492332458495,6.917525461939917,4.077115677278383,-3.6606258144513926
206,0,-7,1,25.747892761230467,-24.703086989723868,-0.6283991784837776,0.2895106254329921,0.11295913545365224
207,0,-8,1,-0.41541091159996313,0.7841794967651357,6.941821587853059,3.1003506592268937,-3.3431261767130827
208,-1,-8,0,21.75633087158203,-28.842356217926742,-0.16145455600047368,-0.023985048790373928,0.061813142129093925
209,-2,-9,0,-7.65617865721455,-32.2935448565587,6.869046671825438,2.092875239867795,-2.9830186314989136
210,-2,-9,0,17.60377206802368,-7.16559762954712,2.8952189877582986,-3.566800641216843,0.22350399115162878
211,-3,-9,1,16.921315097808836,-33.10044510827585,3.543908987464314,2.7645976672678843,-2.1021965414739565
212,-4,-9,1,16.344663047790526,-40.70444662841149,6.68317046364412,0.9205143735065264,-2.530322648471589
213,-4,-10,2,-13.206169917062699,-15.98369607925415,7.53575630794692,0.31855152282904986,-2.6117706597611297
214,-4,-10,1,11.963067054748535,-16.899411106109618,0.02338656918851539,-3.504434106694963,1.159700155613442
215,-4,-10,1,11.153199577331542,-17.96563196182251,3.92434339183302,1.075516809742592,-1.6658111437189753
216,-4,-10,1,10.46729393005371,-18.889740085601808,3.9371019626702726,0.8550006404454784,-1.5965310048436459
217,-4,-10,1,9.776494216918945,-19.82053384780884,3.9504736163168723,0.6668292325125389,-1.5382376117132823
218,-4,-10,1,9.105027008056641,-20.710973453521728,3.9638688524686407,0.47731186183660446,-1.4795023976304191
219,-3,-10,1,8.280970001220702,3.2684167739692853,3.9750085984574004,0.2940577508431429,-1.4221050428583375
220,-3,-10,2,7.58638515472412,-19.470083141326903,0.833104001383784,1.7467278744763772,-0.8598762655587772
221,-2,-9,2,36.0912549638564,8.636533482889412,3.5919962952728337,0.09618609157879571,-1.2287041291427074
222,-2,-9,0,9.438116455078124,-17.8517014503479,4.325754774329136,7.19022707482108,-3.8338655992056374
223,-2,-9,1,8.769167804718016,-18.660468578338623,3.666256300161123,0.5459583480077025,-1.4033753131617592
224,-1,-8,1,37.57510367423251,10.417339858579147,3.667603437251399,0.36854517169210593,-1.3446707386842016
225,-1,-8,1,10.842983722686768,-16.81611442565918,4.3270185419258125,7.575446545011927,-3.9619236298030507
226,-1,-8,1,10.382193088531494,-17.392559051513672,3.7464508868324145,0.8743375011406946,-1.5395470261090967
227,0,-8,1,9.84998903274536,7.570785680586798,3.7498930102434738,0.7508541749305093,-1.4995209088349954
228,0,-8,1,9.384198474884034,-15.39092559814453,0.5272208933495585,2.3242755085720384,-0.9503274178637134
229,0,-7,1,38.58350197439341,-15.8442626953125,3.3491291201323903,0.7001509470283099,-1.3492432838010828
230,1,-7,1,11.691663265228271,12.379425012237629,7.7151452319900775,6.031566314697047,-4.5756232104928865
231,1,-7,1,11.288980865478514,-13.598916149139404,0.20010442663305353,2.985187050692325,-1.061374262022395
232,1,-7,2,10.94597053527832,-13.94223461151123,3.408993829414445,1.171308572989095,-1.526250444899053
233,1,-6,1,39.396958536413685,-14.288727951049804,3.4008293636323566,1.0850961770428034,-1.4947909363095757
234,2,-6,2,13.485221099853515,14.89881509177453,7.641177583406189,6.281160081659349,-4.634095183438804
235,2,-6,2,13.2187047958374,-11.785231018066405,0.15458433150669526,3.4832751463134506,-1.211995050822606
236,2,-6,2,12.986120223999023,-12.017380714416504,3.469561785347967,1.6483511698950721,-1.7054403309138968
237,2,-6,2,12.75428295135498,-12.249774169921874,3.4639787283437267,1.5899608678977089,-1.6841177281365858
238,2,-5,2,41.95672778191566,-12.478178215026855,3.4585346345562855,1.5316886748585112,-1.6628804254722043
239,2,-5,2,15.50411252975464,-12.749828338623047,7.788525754056522,6.863768913483845,-4.876527113082175
240,2,-5,2,15.392205333709715,-12.974387168884277,3.932016999145677,2.005246201339745,-1.9783158015304578
241,3,-5,2,15.273520946502686,15.280592416700966,3.943520100922,1.969645534503072,-1.9702765942698446
242,3,-4,2,44.389593931713364,-10.20765209197998,0.3765531466217543,3.837153935915036,-1.4037526546061412
243,3,-4,2,18.273520946502686,-10.342771625518798,7.860993327170826,7.451604847032867,-5.095705059959498
244,4,-4,3,18.273520946502686,18.87405343079891,4.0426776007533745,2.6758095115101055,-2.2386231945343003
245,4,-3,2,48.0368274085526,-7.3427716255187985,0.3807403111017305,4.626556336600068,-1.66765801913223
246,4,-3,3,21.50225086212158,-7.3427716255187985,8.035998688581074,8.294165063719516,-5.4331070899901714
247,4,-2,2,46.96395988962792,-7.3427716255187985,4.147076591703462,3.469404864692262,-2.5377435425058303
248,5,-2,3,24.997542572021484,22.419185910370256,7.8815769935854965,8.101556013930583,-5.318076146798345
249,5,-1,3,53.85576093413529,-4.112725067138672,0.9573582153276582,6.089424021296958,-2.3457486797698195
250,6,-1,3,28.701838302612305,24.712054789110095,8.478249829710649,9.542114100167327,-5.992723322925863
251,6,0,3,55.21606635452225,-0.616780471801758,1.2354606140197355,6.913620094395295,-2.711752276626256
252,7,1,3,61.06838263437223,28.083442950491623,8.251404702109165,10.00847923218368,-6.071546777526306
253,7,2,3,65.41505687995397,3.0819688796997076,5.698530015113623,12.865680992686658,-6.160856570338096
254,7,3,2,69.75220484952669,3.425878715515137,9.262664982944493,12.0316161264757,-7.073204506027162
255,7,4,2,69.60719857051176,3.8312055587768556,9.832965993738457,12.801823707456888,-7.514975617863131
256,8,4,2,48.30404777526856,33.3495130563967,9.765333196317501,12.802343001853115,-7.492738623594627
257,8,4,2,49.23402442932129,7.755271339416504,3.1622484669683097,10.980097999189006,-4.69647623746937
258,8,4,3,50.14998664855957,8.213911628723144,6.373249163164913,9.489167631986202,-5.276107433256787
259,9,4,2,51.2242389678955,34.4850388177679,6.45173522166768,9.681644448548232,-5.3657552350863815
260,9,4,2,52.14290428161621,12.458137607574463,3.470671739341434,11.56481464802177,-4.991309772380408
261,10,3,3,23.681555480386677,42.70215551826028,6.2317254097220465,10.309340386072352,-5.499523433249004
262,10,3,3,50.76110887527466,16.8462721824646,-1.7241322538459432,7.179054523649027,-1.8124397411956152
263,10,2,3,26.326060046901056,17.655578327178954,5.500661911417047,10.349209465172061,-5.269171127817556
264,10,2,2,49.25701932907104,18.34205045700073,1.7475934757640343,6.015818829432824,-2.5849082028517474
265,9,1,3,21.086440575219388,-9.820833577992312,5.097980474424398,10.18028465964181,-5.079337290032167
266,9,1,2,47.4056227684021,16.491100215911864,4.395808578176231,3.227938108770068,-2.5400747048766497
267,8,1,3,48.08279972076416,-8.131899708775661,5.046404051416039,9.732182042500487,-4.914468109821152
268,8,2,3,77.69713254140109,14.495153331756592,8.13881471292301,8.25119877574169,-5.452954670404845
269,7,2,3,52.46260528564453,-14.258127229763005,9.674787837325328,14.836892412243357,-8.127397306195006
270,7,2,2,53.15365562438965,12.182772159576416,9.507175548687194,8.640651150894884,-6.035001173238118
271,6,2,2,53.960826301574706,-12.849247278517593,6.413008410509386,10.469847907178025,-5.612740765712283
272,6,2,2,54.64893093109131,9.684268283843995,9.548411150558799,8.998944603123096,-6.1673250442360725
273,6,2,2,55.33248825073242,9.909050846099854,6.931281179359813,10.572091523938472,-5.818860870295478
274,7,1,3,26.935188797681406,39.098395022833266,7.00386343631557,10.7068485060226,-5.887380258270538
275,7,1,3,53.57922620773315,13.657608604431152,-0.789244740188231,7.535163276839166,-2.2419858255186482
276,8,0,3,25.471249639677453,42.732311532780265,6.298469199415357,10.639979837232453,-5.630632818919334
277,8,0,3,51.49949598312378,17.577486991882324,-1.452815023147589,7.505571140084297,-2.0109008170212235
278,8,0,3,51.96592969894409,18.046711921691895,5.522105033122836,10.526723048094619,-5.334758393437199
279,8,0,3,52.50844373703003,18.586616706848144,5.5348694279104995,10.639188797903424,-5.376024427626535
280,9,-1,3,23.81957175911845,48.147567527767364,5.550514164175913,10.769481093729683,-5.424103346119647
281,9,-1,3,50.20010261535644,22.739374351501464,-2.3574902345652347,7.555075924221952,-1.7257196186615937
282,9,-1,3,50.54473686218262,23.3150221824646,4.710830771385369,10.631064454347152,-5.098624461696312
283,9,-1,3,50.9395357131958,23.973163318634032,4.693446829498203,10.728887985394302,-5.124997203770283
284,8,-1,3,51.30022716522217,-3.4690926234983763,4.67381766661194,10.840763219338934,-5.15523062877249
285,8,-1,3,51.63356008529663,21.89463815689087,8.034083903246088,9.128876681042032,-5.708802416176289
286,7,-1,3,51.97857799530029,-6.702654630871461,5.0253582042464044,10.828878738378759,-5.268568863833733
287,7,-1,3,52.38718528747558,19.650217723846435,8.523273982633771,9.040836597737568,-5.841862948500205
288,6,0,3,81.90135875682464,-9.128867861458883,5.405397383236291,10.816725064084732,-5.391275311999582
289,6,0,3,56.308604049682614,17.109619045257567,12.93488876804211,14.095911192719148,-8.962992159679304
290,5,0,3,56.769620132446285,-11.553572922019846,6.2870603064298365,11.340821415643157,-5.857318845472423
291,5,0,3,57.30731391906738,14.36021032333374,9.787884556554902,9.582148503066586,-6.439511879546493
292,5,-1,3,28.644419465442063,14.475672912597656,6.760456507093839,11.339063584188365,-6.014362923157767
293,5,-1,2,54.988395023345944,14.588096237182617,2.4905177067265636,6.226710646149481,-2.902639614558108
294,5,-1,3,55.336560344696046,14.703263282775879,6.393824682119721,10.94757645668123,-5.763598050984218
295,5,-2,2,30.581615002405513,14.839633083343506,6.431120502001346,11.016061585826064,-5.798540261534182
296,5,-2,3,52.84074239730835,14.955148887634277,2.7363241684005226,6.602556835086489,-3.1092717394461316
297,5,-3,3,24.322469931090207,15.070866680145263,6.034421251300779,10.593687650715006,-5.527470905889045
298,4,-3,3,50.06941480636596,-14.416686209024297,1.7666861666636777,5.479232456632953,-2.4131437157628444
299,4,-4,3,24.735432552980434,12.070866680145263,9.18744947637637,8.20131453821279,-5.783638828410679
300,3,-4,3,47.06941480636596,-17.169406776186907,2.2021403589423514,5.3551453543280205,-2.5171263342619716
301,3,-4,3,47.06941480636596,8.840354633331298,9.09604424363442,7.483492848186938,-5.515218971605354
302,2,-5,2,18.086684934130066,-20.38718579107764,5.924071268713445,9.17446896843951,-5.022709096090855
303,2,-6,2,18.021624567028987,5.346091175079346,5.273314947231374,1.9734709963438821,-2.413698556483455
304,1,-6,2,40.45607843399048,-23.481208495790984,2.0351078215853238,3.6777808121638342,-1.9036621194424377
305,0,-7,2,11.201037354743761,-27.430904063990234,8.92394529801221,5.875396950926615,-4.923729168476889
306,-1,-8,2,6.829525466948169,-31.73463248056472,5.128283043423786,0.23577477888337578,-1.786026764524808
307,-2,-9,1,8.191055015648939,-30.717078039155865,5.010242700661586,-0.8563617164309502,-1.3826442010846176
308,-3,-10,1,-0.022531118158624963,-38.85949025729121,5.087656541599556,-0.5375665108477276,-1.514647976622731
309,-4,-11,1,-3.2745732349173267,-42.42847796893314,4.861251753027962,-2.5903585394623847,-0.7553369624222668
310,-5,-11,1,21.659160232543947,-46.31872666061141,4.80759021589406,-3.42330254120601,-0.4602331719982276
311,-6,-11,1,20.737844753265378,-47.939401942419224,9.003882692121834,0.9419938164354665,-3.304772417118141
312,-6,-11,1,19.928006458282468,-26.11940231323242,9.066009457888855,0.6676240265979602,-3.2336611792233385
313,-6,-11,1,19.129411411285396,-27.24553527832031,6.261014500165666,1.9344111360764655,-2.728566248423142
314,-6,-11,0,18.32283353805542,-28.39727439880371,6.283077810590367,1.7128619329148427,-2.6619907268144023
315,-6,-10,0,43.051153578802456,-29.727890396118163,6.306993239302221,1.4881400768083246,-2.594965935464329
316,-5,-10,1,19.817213916778563,-2.311282229064556,10.056898669793163,5.945604112466389,-5.3210710411168565
317,-4,-9,0,48.57622664633853,0.5117888294283226,3.2648628135243327,3.495650085351537,-2.252773094972004
318,-3,-9,1,21.65928783416748,2.055023994281278,7.157096575492288,8.90109142229409,-5.342347234797862
319,-2,-8,2,47.08090902538761,1.635526185151825,2.992636217142458,4.125094698126098,-2.3716130306075645
320,-1,-8,2,23.66491413116455,6.585464752905093,6.802838369698708,8.707007551915853,-5.160440598738985
321,-1,-8,2,23.200808143615724,-19.477785873413087,2.7258934507681416,4.7943973439534915,-2.5053547981397766
322,0,-8,2,22.744061851501463,9.287388232300742,5.916679910206719,2.9758791868913956,-2.961555647760447
323,0,-8,2,22.20731906890869,-17.470951080322266,2.250315631617227,4.8060760119449615,-2.3507191216672836
324,1,-8,3,21.742248344421384,10.982773036517479,5.519362672778963,2.9258606151069215,-2.8129363631819317
325,1,-8,3,21.293215370178224,-15.157270431518555,1.8881126009491507,4.735840179784669,-2.2066188988090567
326,1,-8,3,20.823129844665523,-15.50906810760498,5.094746838191066,2.9111081423613063,-2.6669267351099957
327,1,-8,2,20.285312461853025,-15.912701511383055,5.069072169684126,2.8012443000802554,-2.62177829394342
328,1,-8,3,19.82372074127197,-16.255024337768553,5.039820322892761,2.6754440314943686,-2.570127054951529
329,1,-8,3,19.367269706726074,-16.601401805877686,5.014181854478651,2.567721118624444,-2.5256997976473006
330,0,-8,2,18.910265922546387,-46.349970702114305,4.989795544734814,2.4606537789619396,-2.481905420990424
331,0,-8,3,18.36422023773193,-20.604077053070068,8.604537314580313,0.4302975994209259,-3.0022149261342386
332,0,-8,3,17.905787086486814,-21.0623740196228,5.341605713174287,2.0102796066041924,-2.448658139309439
333,0,-8,3,17.44449291229248,-21.525802516937254,5.330860020904289,1.8953708382950787,-2.4067735004197215
334,0,-8,2,16.982937812805176,-21.985398387908937,5.320303727698159,1.7795795598076565,-2.364656178989042
335,0,-8,2,16.449292945861817,-22.518937969207762,5.30920100663577,1.6639801899191617,-2.322420136422219
336,0,-8,2,15.980843925476073,-22.98941946029663,5.2965964916090025,1.5301667425452123,-2.2736102133413443
337,0,-8,2,15.52975673675537,-23.438331127166748,5.28576258110171,1.4125482389740105,-2.2307879838491127
338,0,-8,2,15.061581230163572,-23.906505489349364,5.274781956162791,1.2995527257442177,-2.189457945952879
339,0,-8,2,14.525245857238769,-24.443851375579833,5.263632729238633,1.1821182514313595,-2.1465909173000606
340,0,-8,2,14.065660285949708,-24.897625637054443,5.250941699658298,1.0475102990347025,-2.097483878070645
341,0,-8,2,13.605893898010255,-25.364394664764404,5.239193563436467,0.9325996145971059,-2.0552586680773604
342,0,-8,2,13.140936470031736,-25.827192592620847,5.229002579411632,0.8167908058007624,-2.0132509316187392
343,0,-8,2,12.608416557312012,-26.362016201019287,5.2175031714757765,0.700281631515205,-1.970574942998492
344,0,-8,2,12.148338890075681,-26.82100667953491,5.204877765882259,0.566523329147098,-1.921772351054112
345,0,-8,3,11.677787590026856,-27.290287685394286,5.193540628883219,0.45116285732190087,-1.879533646954226
346,0,-8,3,11.217801475524901,-27.747914028167724,5.181880853501242,0.33318633269198644,-1.8363156743379443
347,0,-8,3,10.686555290222167,-28.283901500701905,5.170298456544866,0.21793338890975572,-1.7940322035154588
348,0,-8,3,10.226886177062987,-28.741225719451904,5.15779493135137,0.08433525876541517,-1.7453255012549838
349,0,-8,3,9.762642860412598,-29.205465602874757,5.14612176556961,-0.030833327797682396,-1.703041502430765
350,1,-8,3,9.308148765563963,-0.45205341218816386,5.134577697979241,-0.1472994733862075,-1.6603685798937227
351,1,-8,3,8.766957664489745,-26.95250415802002,1.4564306037206651,1.6864440253257513,-1.0475497898272552
352,1,-7,3,37.57286116237749,-27.296415710449217,4.704927382056202,-0.18250994540823126,-1.5058839933589665
353,1,-7,3,11.0754412651062,-27.644660854339598,8.978705632516107,5.101786580362126,-4.6842328808527
354,1,-7,3,10.724325942993165,-27.99484405517578,5.136184921676414,0.19843801509120992,-1.7761999180092969
355,1,-7,3,10.324717998504639,-28.394916343688966,5.127417731873342,0.11040424678049784,-1.7439295304116922
356,1,-6,3,39.45894471026645,-28.73706064224243,5.117596555942768,0.010113609724548465,-1.7072220437342642
357,1,-6,2,12.86548662185669,-29.08156614303589,9.42523588961518,5.353568816912489,-4.915550057850424
358,1,-5,3,41.582204234415514,-29.432686614990235,5.582007005251301,0.4345416787647135,-2.0029807586703425
359,1,-5,3,15.616511821746826,-29.830730724334718,9.812619607990147,5.696595495502841,-5.157607937414563
360,1,-4,2,44.65709095602551,-30.17671422958374,6.0841467421237025,0.8937882047411264,-2.3227932177913995
361,2,-4,2,18.616511821746826,-1.7881738951291979,10.338345353249675,6.209460287082656,-5.501667092697898
362,2,-4,2,18.616511821746826,-27.637392139434812,3.019786804683093,3.310068986571653,-2.109348770014717
363,2,-4,3,18.616511821746826,-27.90754995346069,6.255959432285553,1.59236786788353,-2.6128052548253677
364,2,-4,2,18.616511821746826,-28.136284160614014,6.289554613521106,1.574592478509009,-2.618019167915424
365,3,-4,2,18.616511821746826,0.32375707280360544,6.317992886941798,1.55954665255986,-2.6224324916713626
366,4,-5,3,-10.843487544898412,4.089113379171181,2.7546179713258767,3.4512288325295444,-2.068015362310693
367,4,-5,3,15.368672275543211,-22.25357551574707,-2.145223167241815,-1.725539314920025,1.2901091698593725
368,5,-5,2,15.252694129943848,6.670276862625752,5.102792900744297,1.3482793236388375,-2.148571781066441
369,5,-4,2,44.881302127343396,-19.024935150146483,1.4530510765011684,3.257844528737811,-1.5698579664207377
370,6,-4,3,18.252694129943848,9.816067871397646,9.010780210268623,6.9679165646979655,-5.31576799917871
371,6,-3,3,43.8917775238769,-15.524112510681153,1.5094423467304192,4.018870955835284,-1.841931936275368
372,7,-2,3,50.21751983883094,13.437378258696395,8.440837971345987,7.015764492756084,-5.143098868076207
373,7,-2,3,24.85232334136963,-11.824840450286864,5.830731222771019,10.032390956066441,-5.274740162154957
374,8,-1,3,54.43425849123253,17.870783488563774,5.205065579123714,3.786373922728863,-2.9952065651704554
375,9,0,2,54.08495906155757,17.604851269276807,5.920483612793235,11.061554723212437,-5.643427513773757
376,11,0,2,32.18911514282226,54.14364950137198,5.900701885902943,10.983177471598252,-5.611068922041059
377,12,1,2,61.96444223956132,32.503487420139784,-1.7712669388962599,9.445918239507359,-2.544904093165735
378,13,1,2,36.337914562225336,36.10776997759385,5.3194954256242255,13.298247061118841,-6.17562728736435
379,14,1,2,37.00398216247558,36.84249880621885,1.0109832631280595,9.034019989885474,-3.3377425009669612
380,15,1,3,37.59234294891357,44.24166602410753,1.0245827470296547,9.200714051989099,-3.3972403375152838
381,15,2,2,67.30069174363237,19.95483283996582,0.23267830974640177,9.781648113670007,-3.3241575588975696
382,15,2,2,41.97547359466553,21.219662475585938,7.55943247068468,13.420882381782155,-6.962459206947338
383,15,2,2,42.76515197753906,22.6572566986084,3.6636911228418167,9.073393573880832,-4.236095572869771
384,15,2,2,43.47606182098389,23.972890377044678,3.6079482515830454,9.307986592854778,-4.294908659293347
385,14,2,2,44.17270145416259,-3.5475006939163123,3.5556708654742177,9.52021928505082,-4.347457687062509
386,13,1,2,15.488722217104733,-6.368311572277065,7.01330214747258,7.847071629934909,-4.945593937610164
387,12,1,3,42.410377120971674,-4.274696374094269,3.127769234847779,2.428626739692648,-1.851694164635235
388,11,1,2,42.97894964218139,-10.260319795734816,6.846134322492376,7.482024572339709,-4.76904927623741
389,10,0,2,14.871608387551834,-11.942987838993208,7.663796829986364,7.193429617652081,-4.944639228225322
390,10,0,3,40.91104459762573,14.419615745544434,3.736294074335753,1.9425104141887648,-1.8922722750317051
391,9,0,3,41.4494330406189,-10.174098038519332,4.33273473344557,8.438208961250941,-4.249342707382772
392,9,0,3,41.911378383636475,12.6707124710083,7.431846668920725,6.92241380282972,-4.777738075513069
393,9,0,3,42.365305995941156,13.23750114440918,4.695170404677448,8.502916863140978,-4.391517727148949
394,9,0,3,42.830223369598386,13.8186936378479,4.693374847316469,8.621335904022564,-4.430068473227049
395,9,-1,3,18.063089572446962,14.494829177856445,4.691540153778829,8.74256916719897,-4.4695259252025075
396,9,-1,3,40.57889184951782,15.069366931915283,0.8954908957463308,4.296353110306934,-1.7295234433930193
397,10,-1,3,40.92302656173706,44.97347614779951,4.203853181594731,8.421237135029198,-4.200773198478607
398,10,-1,3,41.26449365615844,19.436615467071533,0.6596953641575619,10.42035443569193,-3.676751380195714
399,11,-1,3,41.6744441986084,45.14760301326095,3.773796056940946,8.829896161936864,-4.192424712223502
400,11,-1,3,42.01743392944336,24.196752548217773,0.7550793829781834,10.564538242126135,-3.755967832972347
401,11,-1,3,42.359468364715575,24.99213523864746,3.309293418154185,9.274932354711051,-4.184362442869352
402,11,0,3,71.90936650335003,25.78806266784668,3.264613855277188,9.387668355417803,-4.206634834668024
403,11,0,3,46.35886945724487,26.740576457977294,7.560050061857707,14.565708857671986,-7.335844861740409
404,10,0,3,46.82520132064819,-1.1428197788088568,3.656176142060736,10.211305838692882,-4.6086448499904
405,10,0,3,47.286867427825925,25.134755229949953,7.104549987895386,8.480208404372767,-5.185622913904948
406,10,0,3,47.75259733200073,25.83137254714966,3.9881003376700175,10.271619071044826,-4.739258473578936
407,10,-1,3,22.833447281351365,26.63908052444458,3.974550375732302,10.398954979077239,-4.7766381379370895
408,10,-1,3,45.4966721534729,27.321935749053956,0.10829928905905677,5.974114855352769,-2.02428612507742
409,10,-2,4,16.885229049131187,28.01702184677124,3.456657608081562,10.09624518123815,-4.504183770872848
410,10,-2,3,42.95700273513794,28.701442623138426,-0.9650831432897026,4.9787104479452235,-1.3359243182120064
411,10,-2,4,43.22985391616821,29.51880483627319,2.9077237471029695,9.7348776397289,-4.201960115341162
412,10,-2,3,43.45572938919067,30.203682231903073,2.850800105607341,9.836310613534614,-4.2163674419535715
413,9,-2,3,43.68775491714477,1.9223054151874166,2.8028189131947103,9.920743825899844,-4.228152281924539
414,8,-2,4,43.91723585128784,-1.1883461874289871,6.272324987324059,8.11758814015948,-4.788995061238229
415,8,-2,3,44.18532915115356,25.776316738128664,6.686982172041227,7.955328302564596,-4.873074159846584
416,7,-2,3,44.41817407608032,-2.737195434516405,3.444904076267836,9.763463590691348,-4.3906658889713315
417,6,-2,3,44.65045824050903,-5.432348899138727,6.949708454587666,7.944166014526513,-4.956652448791836
418,6,-2,3,44.87781858444214,20.583672809600827,7.313598497502915,7.809977050037173,-5.03299282588323
419,6,-2,2,45.14243059158325,20.848331737518308,4.175253068669514,9.549169313094632,-4.563684546232304
420,6,-3,3,16.380950406491863,21.078978252410888,4.182826351496782,9.613432126340552,-4.58739996597104
421,5,-3,3,42.37463665008545,-7.374859600604466,-0.1800814218296847,4.426464730410228,-1.4141374561807891
422,5,-3,3,42.490138149261476,18.312577056884763,7.221859962818497,7.272736297721012,-4.824356809546602
423,4,-4,3,17.318137337298555,-7.043976125894796,4.093780063840963,8.975529278758408,-4.347223832382526
424,4,-4,2,39.490138149261476,15.312577056884765,3.4859966096599755,2.7201683936830845,-2.0681133654288195
425,4,-5,3,10.337186774684543,15.312577056884765,4.01171819222143,8.24181889368722,-4.077396066013076
426,3,-6,3,7.240876506566938,-13.98101155451194,-0.3721770622181501,2.9321121605149334,-0.8529175253275928
427,2,-6,3,32.877069568634035,-13.335267724267135,2.8506515391682123,0.3987165623367504,-1.0827941021004133
428,2,-7,3,3.5618901313804585,8.697238254547118,6.574132573318542,5.155897825893035,-3.905910976656807
429,1,-8,2,0.48399925577916036,-20.30249777767711,-0.5612140120142748,1.2409000711998375,-0.22653326555224854
430,0,-8,3,25.611351299285886,-24.726791307281935,2.629582170505491,-1.270747016872482,-0.45267680794874815
431,-1,-9,2,-0.25587593059900016,-24.03584758437708,6.92473447505162,3.073657637982854,-3.328562684248058
432,-2,-9,1,21.359526443481442,-31.248356524829738,2.9856200027107613,-1.6558165083278944,-0.4428987410807575
433,-3,-10,0,-8.05368922910441,-35.53758202500613,7.108868584078729,1.8620123257399395,-2.9854601070939277
434,-4,-9,0,46.15442548384134,-38.978359667412626,3.235750969982226,-3.853372704940924,0.20547952376461334
435,-5,-9,1,19.41782827377319,-39.789357866634916,11.612413291123874,5.923399994847395,-5.82534090262865
436,-6,-9,1,18.844698143005367,-47.86358767011945,7.8767245616035355,0.9469535217982309,-2.934231626701235
437,-6,-9,2,18.26571292877197,-22.71274080276489,8.779023815206553,0.3212884056397152,-3.023402786692073
438,-6,-9,2,17.685022544860836,-23.870347881317137,5.590375359594671,1.8525271940314036,-2.4786777315182995
439,-5,-9,1,17.011517715454097,0.05880209033543693,5.648736232265412,1.6688403504638987,-2.4367993234118206
440,-4,-10,2,-13.398149810587146,7.234423655555727,2.5476239875215922,3.138645935123261,-1.894965786576159
441,-3,-10,1,12.633524894714355,7.358461147220172,-2.9240103076378734,-1.9856649518403373,1.6362253010640446
442,-3,-10,1,11.944616889953611,-18.606714248657227,0.972751383385272,2.8223627066785406,-1.2647447363650997
443,-2,-10,2,11.143691253662109,5.98858846979094,4.135769404228964,0.9584112579748595,-1.6970966214592802
444,-1,-9,3,39.230190610113986,11.751266567622276,0.9209849614391183,2.4564270310088774,-1.1256123660106085
445,0,-9,3,12.995814514160156,15.180997738955252,4.409293891822482,7.961245105037122,-4.117073642099471
446,0,-8,3,40.99811389051501,-11.915485095977782,0.04540547276612585,3.4121921716982198,-1.1519379391137994
447,1,-8,2,14.985470581054688,12.900499996637318,7.580724180380538,6.726844057494173,-4.762156685757523
448,1,-7,2,43.74125231793336,-9.66362829208374,0.6311484536694562,3.6253652433070065,-1.4181722326172952
449,1,-7,3,17.294761848449706,-10.013939380645752,7.7007242790154935,7.370046528502017,-5.0155028857252715
450,0,-6,3,46.409616810919104,-40.15182533508491,3.8555274335505083,2.5175877557064252,-2.1236182021323473
451,0,-6,2,19.794772911071778,-14.008030414581299,11.788953344374587,5.896114617769803,-5.874172252575758
452,0,-6,2,19.566555976867676,-14.464487171173095,4.728532717606696,2.711713324932872,-2.478729123130168
453,-1,-6,2,19.336237907409668,-44.07299836540996,4.751811810876104,2.6393509716453494,-2.4623525697167157
454,-2,-6,2,19.10540428161621,-47.69474915151491,8.389444727762182,0.6554230451263247,-3.0063484976744257
455,-2,-6,1,18.83788833618164,-22.545910549163818,8.796818598020458,0.38043939887122974,-3.049017331201944
456,-2,-6,2,18.60637493133545,-23.232140636444093,5.6543540655834015,1.9691114806958505,-2.5387988083629422
457,-3,-6,2,18.378062438964843,-53.3209715538103,5.7056837904005375,1.881037067143708,-2.5264711018219344
458,-3,-6,1,18.14735927581787,-27.840081310272218,9.370794683486103,-0.11229693095859733,-3.0737331744216894
459,-3,-6,1,17.876450157165525,-28.79520664215088,6.2117458285912965,1.4923854933947507,-2.5647901488430955
460,-3,-6,2,17.64840202331543,-29.58231611251831,6.290396605420801,1.3795141462316214,-2.5532277029886385
461,-3,-6,1,17.419697570800782,-30.383138179779053,6.354438621570011,1.2856447666324322,-2.543153916442943
462,-3,-6,1,17.185235023498535,-31.20336856842041,6.420025257995188,1.1907844755218984,-2.5332580041715507
463,-3,-6,2,16.918556213378906,-32.14193344116211,6.4871017372696915,1.093620001997012,-2.523083525887173
464,-2,-6,1,16.688396644592284,-3.68066578272402,6.564005536985837,0.9827801086138207,-2.511600402556569
465,-2,-6,1,16.459047317504883,-30.51954517364502,2.969252592825044,2.8291136946126487,-1.9323289287192909
466,-2,-6,2,16.22486972808838,-31.225699996948244,6.294664021541651,1.0042643547105945,-2.4294686264140597
467,-2,-6,2,15.955966758728028,-32.02526092529297,6.34760544705552,0.914610699097149,-2.417117075508112
468,-1,-6,2,15.726797676086424,-3.5173411427799337,6.406926843991311,0.8124358053012621,-2.4027013396014825
469,-1,-6,2,15.500286483764647,-30.1657075881958,2.8048665170714577,2.6631370919813464,-1.8222820744830197
470,-1,-6,2,15.26564254760742,-30.751476287841797,6.108520692712768,0.8502790497985836,-2.316365282466929
471,-1,-6,2,14.995568847656248,-31.426766395568848,6.146452579153814,0.7684025057210805,-2.301635591939026
472,0,-6,2,14.770509338378904,-2.3147292127474905,6.190195987780289,0.6741121645552891,-2.2846911210832346
473,0,-5,2,43.569634443649264,-29.339743995666502,2.5104275660863404,2.567650360612208,-1.6923845552310064
474,0,-5,2,17.539831924438477,-29.800406455993652,10.08300404939258,6.064995227947023,-5.369427700657965
475,1,-5,2,17.40454874038696,-5.01449352002594,6.365454485583856,1.251254588974821,-2.535335011840258
476,1,-5,3,17.28857774734497,-27.554144954681394,3.243923293892426,2.8716627381360786,-2.037980083493123
477,1,-5,3,17.17350397109985,-27.89485502243042,6.0489880274398775,1.352588321028518,-2.4641662288561395
478,2,-5,3,17.059002685546876,0.9380381656939534,6.074328352401,1.3088944682312316,-2.457999399205982
479,2,-5,3,16.924518871307374,-25.395261096954346,2.444260134754598,3.2061901523789516,-1.8830176018223803
480,2,-5,3,16.80794448852539,-25.625973987579346,5.726113164540471,1.427716198015188,-2.3820709648491416
481,2,-5,3,16.693734741210935,-25.859171962738035,5.737578143362835,1.3909591487485697,-2.3736175950259955
482,2,-4,3,45.829140477373386,-26.086376667022705,5.749698847278796,1.3544757937338383,-2.3654729540872306
483,3,-4,3,19.693734741210935,-1.0520869771179875,10.006432864486257,6.68464789999892,-5.55038904302729
484,3,-4,3,19.693734741210935,-23.336000633239745,3.088406341274307,3.5570836301848696,-2.214454632767467
485,4,-4,3,19.693734741210935,5.429056765722354,5.879642290296606,2.074759151302307,-2.6488214537397763
486,4,-4,3,19.693734741210935,-20.336000633239745,2.2755227328285863,3.990072354646477,-2.087719477984511
487,5,-4,3,19.693734741210935,5.247329363596442,5.505210720199764,2.27315009459381,-2.5906485159516857
488,5,-4,3,19.693734741210935,-17.089243125915527,2.298299949049204,3.977933169341639,-2.091271581150265
489,6,-3,3,48.41583809161437,11.739807211982342,5.099289702640711,2.4883974400987436,-2.5275449657538362
490,7,-3,3,22.926516437530516,15.399843251018499,5.770460952474492,9.60273799099647,-5.112968674134224
491,8,-2,3,48.56780113972574,15.24580284468804,1.515529680014837,5.24632801609617,-2.2520307993873265
492,8,-1,4,55.85723665034888,-6.5139232635498026,5.369002388698322,9.857464050154785,-5.063272572418012
493,10,-1,3,29.881349658966062,52.90104483760631,9.052801951236281,9.742985616797284,-6.249478230552055
494,10,0,2,59.060541030886185,0.8724826812744162,-1.9839299579440797,8.953058819626854,-2.311672054659451
495,12,0,2,33.88311738967896,52.6993325127076,8.622435593758754,10.781893558546429,-6.449712516833587
496,12,1,1,63.285304941193196,8.876018142700197,-1.3385559119651846,9.657785426625026,-2.758960252856771
497,14,1,3,38.030061435699466,69.52091168355861,8.27605105330244,12.029740499158578,-6.7451877342848725
498,14,1,1,38.62019033432007,17.183124160766603,-2.618559144460473,11.439412314497647,-2.9165646614419902
499,15,1,3,39.282158088684085,44.10888565124634,3.65288633089479,8.208324792150677,-3.9466828814100503
500,15,1,2,39.85948534011841,22.89636468887329,0.5087877523798189,10.073936287363049,-3.5124975633616273
501,15,1,2,40.438689422607425,24.185597133636477,3.1422886235047485,8.804611867145523,-3.973422124957563
502,14,1,2,41.01553173065186,-3.6636179413446293,3.072992797928346,8.992351179716646,-4.012278331005544
503,14,1,1,41.66756172180176,23.641842555999755,6.567609683232352,7.270316469003163,-4.606313417520464
504,13,0,2,15.50350172060978,-1.822438396744218,3.3238304389606035,9.176370895798268,-4.156697907172333
505,12,0,2,39.63418807983398,-6.005858508027178,2.5582862041784478,2.735472395948707,-1.7642352865977788
506,11,0,3,40.090205383300784,-8.882347661886953,6.654515194637176,6.86686647306869,-4.501296842982564
507,10,-1,3,14.059078202935265,-8.454185518533597,7.07550908645864,6.760812992732171,-4.6058502923328914
508,10,-1,4,37.82075672149658,15.965375232696534,3.1763328009685736,2.025853238079074,-1.7336435982486589
509,9,-1,4,38.15846872329712,-13.029534622335383,3.682383247367807,7.984657050825794,-3.882532662678391
510,9,-1,3,38.511221694946286,14.115816879272462,7.306290020615946,6.13846866218746,-4.475629251988086
511,9,-1,4,38.91603269577026,14.791398811340333,4.012222070154461,7.987315672691508,-3.9933703290032057
512,9,-2,4,9.6882284454577,15.359510707855225,3.9898363832167156,8.104475395854967,-4.024672018201973
513,9,-2,4,36.376612186431885,15.942152309417725,-0.47596230749620483,2.815830668120854,-0.7796042117906611
514,10,-2,4,36.60835561752319,45.80140269067235,3.469155099482994,7.723121188356243,-3.7248869209193547
515,10,-2,4,36.87594022750854,20.432677745819092,-0.10377575931494822,9.705894865094658,-3.1868980713837614
516,11,-2,3,37.11061563491821,49.69415498556829,2.9938876555536007,8.108089351612083,-3.6937513963555872
517,10,-2,3,37.346563053131106,-3.0706431301609776,-0.4849222432028415,10.04322573597575,-3.170603758788324
518,11,-1,3,67.31455556173442,52.674093399624766,5.957313170083291,6.645452223494019,-4.196132594187345
519,10,-1,3,41.076904106140134,0.6071431574163242,3.853733811257391,15.450059056912325,-6.384648338029878
520,10,0,3,70.7140229593788,24.229507541656496,6.051192083973313,7.56159857733513,-4.5312607289681575
521,10,0,3,45.00055904388427,24.92719087600708,7.563716767215957,14.267545665319131,-7.240024342469317
522,10,0,3,45.46126728057861,25.61838026046753,3.6697171200814718,9.853135970549907,-4.49522724324762
523,10,0,3,45.997453880310054,26.423501300811765,3.655845663110397,9.979670261056476,-4.532275727037011
524,10,-1,3,17.02822101785113,27.10717535018921,3.63981879962282,10.126814029137474,-4.57537514663897
525,10,-1,4,43.686073493957515,27.801267528533934,-0.8307486762030274,4.944739635138022,-1.3694251300704654
526,10,-2,4,15.401934590400373,28.507878971099853,3.1260586338719625,9.806088375868436,-4.298295048642594
527,10,-3,3,15.43487373663265,29.30870847702026,-1.2510534302703975,4.739488925319764,-1.1611233824689648
528,10,-3,3,38.170024108886714,29.99104356765747,-1.3451478855584804,4.798422050603109,-1.1493405884587284
529,9,-4,3,9.916215840880984,2.634404346571788,2.027210811150598,8.96487846829542,-3.65418734246269
530,9,-4,3,35.170024108886714,28.149991035461426,1.1588243279347765,2.005504444670424,-1.0546729842000047
531,9,-4,3,35.170024108886714,28.81615161895752,1.7953169721010105,8.30684443193871,-3.3595236785141918
532,8,-4,3,35.170024108886714,0.3211564272933245,1.7143586908613053,8.35036016254068,-3.3468808630306124
533,8,-4,3,35.170024108886714,26.74026660919189,5.2172253215883035,6.474462799532971,-3.893232329312204
534,8,-3,3,64.41276042236096,27.198460578918457,1.966838441016861,8.21467263496792,-3.386307916428588
535,8,-3,4,38.418895626068114,27.73677577972412,6.297084029820271,13.383327529585939,-6.529582036140248
536,7,-3,4,38.53386297225952,-0.7584553592808376,2.3376604626965993,8.862629852981453,-3.724068941930809
537,7,-3,3,38.65009489059448,25.429389095306394,5.846119231404765,7.0126449788130545,-4.281025610699647
538,6,-2,3,68.06871412031788,-3.2179641430980865,2.652395638269263,8.753518902476738,-3.793088146127155
539,7,-2,3,42.15921220779419,47.455147173658695,10.375750359720518,12.094179021233916,-7.462312667575483
540,6,-2,3,42.40015268325806,-1.7308193262348937,0.5592659479065427,10.796828036628197,-3.7668128061675374
541,6,-2,3,42.62645330429077,23.546745014190673,6.532160514941744,7.646767810472042,-4.719370199590564
542,6,-2,3,42.85867509841919,23.781407833099365,3.4794970311228526,9.341184857372223,-4.263004397994256
543,6,-3,3,17.53356418359359,24.04732503890991,3.4860230833604744,9.397835700814145,-4.283865415451166
544,6,-3,3,40.1069260597229,24.27654619216919,-0.374703617300777,4.834640230016409,-1.484900945552344
545,6,-3,4,40.22223272323608,24.507450771331786,3.0119900760243326,8.938975624366263,-3.9743060954711247
546,5,-4,3,9.56283672795248,-5.9159613781973555,3.001361408489589,8.974652960060762,-3.9825353419565293
547,5,-4,3,37.22223272323608,21.74792375564575,2.183316253513067,1.3670242369523584,-1.1833116006051974
548,5,-4,3,37.22223272323608,21.86420660018921,2.885309928363021,8.256582828376196,-3.7066272225620165
549,5,-5,3,7.909954715690862,21.975591373443603,2.871117601915574,8.26420394790318,-3.7044118009599125
550,4,-6,3,5.314458750427864,-6.293735790620406,-1.5729759544748996,2.929832235476229,-0.4519304216816727
551,4,-6,3,30.606033611297605,18.975591373443603,1.5931546930843319,0.5580648698080876,-0.7170205327255735
552,3,-6,3,30.37583456039429,-10.202101602685403,2.2292844734958006,6.8803617449764305,-3.0322684401245583
553,3,-6,2,30.14558458328247,15.745315933227538,5.8176791670538,4.9056516261657475,-3.571428253934101
554,2,-5,3,58.87733399363855,-13.344542836420011,2.558858069793454,6.583376964170938,-3.043734073119528
555,1,-5,2,32.89767322540283,-13.84250719345204,10.297844010102475,9.842019372861284,-6.69394471221855
556,0,-5,2,32.78092746734619,-19.757014060306453,6.640088477146808,5.126258741418408,-3.9179383343014913
557,-1,-5,2,32.665151596069336,-23.783527161801466,7.356235961677476,4.716265620711576,-4.0189561497121336
558,-2,-5,2,32.549661254882814,-27.608913286747477,7.837512750002573,4.431504024216092,-4.083516361015409
559,-3,-5,2,32.41525411605835,-27.72711753661465,8.292949422764202,4.160856988542914,-4.1440203981034776
560,-4,-6,2,3.2225446128283224,-35.590175688151426,8.288056062621354,4.128486583873034,-4.131612064171329
561,-6,-6,0,28.951676845550537,-67.98233416619834,4.946723202148503,-1.7766719465619696,-1.0547905023888424
562,-6,-7,1,-0.3836336830419427,-17.8004714012146,12.642041178964824,0.9470564305673157,-4.50020079947627
563,-8,-7,1,25.207710170745848,-70.49135260168356,2.185035424006893,-1.2639405365543281,-0.3068907340114201
564,-8,-7,2,24.86641216278076,-26.759223461151123,12.397480831601486,0.09708351913026436,-4.136275526797927
565,-9,-7,1,24.51566848754883,-56.985581219829484,7.067697548537946,2.8030572569704657,-3.285709383844196
566,-9,-7,1,24.167619895935054,-32.78414325714111,10.706084276646738,0.7978435400518264,-3.8167253625041773
567,-10,-7,1,23.767832565307614,-60.15753217054106,7.711040705752792,2.2802693202784186,-3.3243486647773994
568,-9,-7,1,23.424156188964844,-9.944503256152782,10.975514864892352,0.4613231827881481,-3.7927132439943207
569,-9,-7,1,23.075887012481687,-37.648394680023195,4.758394086050123,3.649125905023682,-2.800977329549132
570,-8,-6,2,51.9496238324997,-9.964575598507082,8.150560570175843,1.7624970432797629,-3.2969251165979614
571,-7,-6,0,25.576320362091064,-12.445188027927049,8.914434856031297,8.82521539264367,-5.900046194725324
572,-6,-5,0,54.14613246351667,-7.079977756139083,5.389598007622254,3.8780821663442335,-3.0870850975019506
573,-5,-5,1,28.345136833190917,-4.186798276013299,8.877960234538868,9.402661903642985,-6.079062922389769
574,-4,-4,2,57.8806832841132,-2.075726024674605,4.768309987679904,4.933093581591261,-3.2316494195999597
575,-2,-5,1,5.985096351890945,20.942421344275736,8.807162151563128,10.385467164619438,-6.380248338449387
576,-2,-5,2,28.09670820236206,-24.1087703704834,-1.7344786360328874,2.5065079308180955,-0.2571657936944665
577,-1,-6,2,-0.9581268077592782,4.072031700139675,7.212072337304477,3.571461940836137,-3.58974535034297
578,0,-6,2,24.631354808807373,6.727562884779449,-0.6580018043200523,0.0966453926683392,0.18711433050137605
579,0,-7,3,-4.884976754849365,-19.608313751220702,2.852837064532188,4.980509934785457,-2.609534904916129
580,0,-8,2,-4.417740962290271,-20.15716667175293,1.733422033702196,-2.2148314445576713,0.16037430002233397
581,0,-8,3,17.281728172302245,-20.620454406738283,1.872678772732298,-2.1653021562894255,0.09748051587375836
582,0,-8,3,16.82735538482666,-21.07323303222656,5.182968981991675,1.809544521259384,-2.3290236382615053
583,0,-8,3,16.361324501037597,-21.540724182128905,5.172082811218736,1.6957080601055485,-2.287448256289236
584,0,-8,3,15.825767326354981,-22.074949264526367,5.16127573376322,1.5787325058843207,-2.2448512921550763
585,-1,-8,3,15.36822681427002,-51.84297703165926,5.148442588846801,1.4444901823824754,-2.1958222084670314
586,-1,-8,3,14.910767555236816,-26.22140121459961,8.748880453083562,-0.5775335758603082,-2.7134801189984774
587,-1,-8,3,14.446254158020018,-26.801393508911133,5.530048861987911,1.0012265623442047,-2.1747363049256
588,-1,-7,2,39.469985645083526,-27.46808624267578,5.533276367108926,0.8771087615534987,-2.1344115867618134
589,-1,-7,3,16.701630878448487,-28.040382385253906,9.271473086265193,5.437506353746365,-4.892748247929568
590,-2,-6,3,45.19280363588281,-57.46040840070701,6.022486825185645,1.2121360486400792,-2.4085254800214906
591,-1,-6,2,19.238735675811768,-3.2262000079989264,13.678894274211547,4.600371178553733,-6.059539589563736
592,-1,-6,3,18.968845653533936,-29.988862323760983,3.293300143673342,3.328297556129452,-2.2065163899090487
593,-1,-6,2,18.733085346221923,-30.58424263000488,6.600190226012208,1.502922135770622,-2.697113448438541
594,-1,-6,2,18.50443468093872,-31.14991693496704,6.639229763705796,1.4203038230070448,-2.682493287893202
595,0,-6,2,18.275309658050535,-2.5134378091142757,6.675599654341635,1.340960505154304,-2.668079035671616
596,0,-6,3,18.008421993255613,-29.14265184402466,3.05986013442662,3.1989045239124225,-2.085676835970327
597,0,-6,3,17.77930154800415,-29.601554203033448,6.353103180589783,1.3810556002817553,-2.574537793372529
598,1,-6,3,17.54991273880005,-0.8215263759558589,6.376202908392829,1.308568336782212,-2.55801791201768
599,1,-6,3,17.316863536834717,-27.294816398620604,2.738835254640235,3.1787126179534457,-1.972014176066897
600,1,-6,4,17.049008274078368,-27.696465396881102,6.02090564833971,1.3748953656186491,-2.462289154792582
601,2,-6,3,16.818897342681883,1.1082249217198026,6.031192577054343,1.298960587040016,-2.4403744287297178
602,2,-6,4,16.58702802658081,-25.155689334869383,2.3869022548592707,3.173452018623658,-1.8530035442886557
603,2,-6,4,16.353947353363036,-25.392324542999265,5.64616371151902,1.3812177454059238,-2.340021752640278
604,2,-5,3,41.56145626520424,-25.66033372879028,5.64107328008123,1.3225476124268452,-2.318764334625144
605,2,-5,3,19.10697612762451,-25.88519468307495,9.34879930369534,5.935864544352241,-5.084210764930982
606,2,-5,3,18.99173011779785,-26.115670680999756,6.110472830108901,1.798311743404614,-2.6332311269678543
607,3,-5,3,18.87600975036621,2.654215596190813,6.1221181785843255,1.761850845991748,-2.624934313171454
608,3,-5,3,18.739937496185302,-23.36777286529541,2.500963453721747,3.65464524467446,-2.05121709430313
609,3,-6,3,-10.839444182358388,-23.481304836273193,5.7423922815822985,1.8967151798790385,-2.5438864968153974
610,4,-6,3,15.282132053375243,5.87422904767535,1.3179777557446148,-3.5689208263712846,0.7496053385855217
611,4,-6,3,15.050729656219481,-20.481304836273193,1.5574716007445193,3.2099803613721787,-1.588730645943177
612,5,-6,3,14.78310956954956,5.014697623447347,4.8338117740006785,1.4071323194493477,-2.078812888489801
613,5,-6,3,14.552567768096925,-17.232120609283445,1.5905164905284919,3.0607220920614715,-1.5500486740195762
614,6,-6,3,14.31802167892456,11.638782874387623,4.3525710426149615,1.5311640976771752,-1.9601715828557953
615,6,-6,3,14.091199779510497,-13.770943737030027,0.6887635930975055,3.4184555006853796,-1.3685217032363415
616,7,-5,3,39.32349458564752,11.952054162264655,3.8493988320853987,1.676680706459331,-1.8412985912107382
617,8,-5,4,16.839595127105714,18.72400461636895,4.398542304238655,7.99121842709861,-4.123411191008098
618,8,-4,4,46.40721158795267,-6.447287178039549,0.18278885422760294,4.353882432162411,-1.5110024718497124
619,9,-4,4,19.839595127105714,22.688614916634908,7.6918952874938755,8.05977265893123,-5.241316778461573
620,10,-4,3,19.839595127105714,23.681487480586203,0.1432437556262991,5.166396632413362,-1.7678278063214485
621,11,-3,3,49.4064750499074,31.183581646983896,0.02008548081116143,5.23219844703883,-1.7486097397290126
622,11,-3,3,23.07131338119507,5.552376079559327,3.5857887762626923,11.034950742597767,-4.855912844853424
623,12,-3,2,23.185575199127197,35.71923229890245,2.766144559891485,4.616963647311601,-2.4597684605502663
624,12,-3,2,23.319209575653076,10.53682737350464,-0.9523474534302845,6.634686753265492,-1.8895310511979355
625,13,-3,2,23.436000537872314,40.283498382667446,2.1806774312556394,4.99444533474218,-2.3901176983455343
626,14,-3,3,23.550253200531007,45.03893772303607,-1.4691786301111462,6.977622615421463,-1.8307682752270744
627,14,-2,3,52.89362001857211,19.876399040222168,-2.025981790680621,7.306217819451997,-1.7538984197973237
628,14,-2,3,27.05113477706909,21.232020378112793,5.453428378209173,10.920282492433454,-5.441337285909299
629,14,-2,3,27.278016757965087,22.36676788330078,1.414537130134914,6.384405194614664,-2.596086526995395
630,14,-3,3,-1.6510605722125646,23.50630474090576,1.3087749549265602,6.50059747604027,-2.5993319313467986
631,14,-3,3,24.507425022125243,24.664134979248047,-3.2064849605568853,1.2685823274527923,0.6454579150279026
632,14,-3,2,24.6434832572937,26.02115535736084,0.6058704289918185,6.148581420351623,-2.248125506726973
633,14,-3,2,24.764924240112304,27.249449729919434,0.45915401984219095,6.262904448256054,-2.237098080362296
634,14,-4,2,-3.619469544127515,28.430940628051758,0.3263240060760428,6.365968363207705,-2.2269609817417604
635,14,-4,2,21.764924240112304,29.64565086364746,-4.117427284318549,1.2316263916005714,0.960829286029838
636,13,-4,2,21.764924240112304,5.620027137299292,-0.4245052584330459,5.977567726399381,-1.8477297765416174
637,13,-4,2,21.764924240112304,29.34664993286133,2.562039307337922,4.382350761887833,-2.313717004690097
638,13,-3,3,53.113110142417256,30.286619567871092,-0.38770073045368336,5.957878233451004,-1.8534730436638494
639,13,-3,3,25.008389282226563,31.527028369903565,4.250489598652136,11.626746053153834,-5.272005037519254
640,12,-3,3,25.117766189575196,1.991559920615046,-0.1617894437281906,6.691465952578827,-2.172012106482719
641,12,-2,2,56.642487874153616,30.252563953399658,3.517092487697911,4.753998937418965,-2.7555388191104795
642,12,-2,2,28.56156005859375,31.181869983673096,4.7844020454627545,12.238717750044472,-5.650723757682576
643,12,-2,1,28.77362995147705,32.00882234573364,0.42157743238790435,7.313159209143973,-2.57249481154209
644,11,-2,2,29.0382173538208,7.507359423044758,0.35299398828470757,7.405660592692042,-2.580221784754193
645,11,-2,2,29.26845932006836,30.738518142700194,3.4145857494890963,5.836090904725656,-3.0810076946152103
646,10,-2,2,29.554599952697753,7.8101293087576735,0.5833089935003889,7.412031805198677,-2.6591793695389714
647,10,-2,2,29.759231758117675,29.227591323852536,3.454067951303923,5.950157662250754,-3.132041092315653
648,9,-2,2,29.998249053955078,1.1750513905695108,0.8424685810058649,7.40179753696433,-2.742268477947467
649,9,-2,3,30.239544296264647,27.416495132446286,4.345365623572393,5.590625997060755,-3.3094933718310418
650,8,-2,3,30.458767318725585,-2.7026654146914915,1.1368803235610656,7.369848833462943,-2.829933401719414
